anyo,fecha_exportacion,ensenanza,curso,codigo,nombre_cas,nombre_val
2022,19/10/2023 16:11:57,5,2837626368,TU01CF,Tutoría Primero,Tutoria Primer
2022,19/10/2023 16:11:57,5,2837626368,CV0001,Inglés Técnico I-M / Horario reservado para la docencia en inglés,Anglés Tècnic I-M / Horari reservat per a la docència en anglés
2022,19/10/2023 16:11:57,5,2837626368,0156,Inglés,Anglés
2022,19/10/2023 16:11:57,5,2837626368,1226,Marketing en la actividad comercial,Màrqueting en l'activitat comercial
2022,19/10/2023 16:11:57,5,2837626368,1229,Gestión de compras,Gestió de compres
2022,19/10/2023 16:11:57,5,2837626368,1231,Dinamización del punto de venta,Dinamització del punt de venda
2022,19/10/2023 16:11:57,5,2837626368,1232,Procesos de venta,Processos de venda
2022,19/10/2023 16:11:57,5,2837626368,1233,Aplicaciones informáticas para el comercio,Aplicacions informàtiques per al comerç
2022,19/10/2023 16:11:57,5,2837626368,1236,Formación y orientación laboral,Formació i orientació laboral
2022,19/10/2023 16:11:57,5,2837626375,TU02CF,Tutoría Segundo,Tutoria Segon
2022,19/10/2023 16:11:57,5,2837626375,CV0002,Inglés Técnico II-M / Horario reservado para la docencia en inglés,Anglés Tècnic II-M / Horari reservat per a la docència en anglés
2022,19/10/2023 16:11:57,5,2837626375,1227,Gestión de un pequeño comercio,Gestió d'un xicotet comerç
2022,19/10/2023 16:11:57,5,2837626375,1228,Técnicas de almacén,Tècniques de magatzem
2022,19/10/2023 16:11:57,5,2837626375,1230,Venta técnica,Venda tècnica
2022,19/10/2023 16:11:57,5,2837626375,1234,Servicios de atención comercial,Servicis d'atenció comercial
2022,19/10/2023 16:11:57,5,2837626375,1235,Comercio electrónico,Comerç electrònic
2022,19/10/2023 16:11:57,5,2837626375,1237,Formación en centros de trabajo,Formació en centres de treball
2022,19/10/2023 16:11:57,5,2837626443,TU02CF,Tutoría Segundo,Tutoria Segon
2022,19/10/2023 16:11:57,5,2837626443,CV0004,Inglés Técnico II-S / Horario reservado para la docencia en inglés,Anglés Tècnic II-S / Horari reservat per a la docència en anglés
2022,19/10/2023 16:11:57,5,2837626443,0825,Financiación internacional,Finançament internacional
2022,19/10/2023 16:11:57,5,2837626443,0823,Marketing internacional,Màrqueting internacional
2022,19/10/2023 16:11:57,5,2837626443,0827,Comercio digital internacional,Comerç digital internacional
2022,19/10/2023 16:11:57,5,2837626443,0822,Sistema de información de mercados,Sistema d'informació de mercats
2022,19/10/2023 16:11:57,5,2837626443,0824,Negociación internacional,Negociació internacional
2022,19/10/2023 16:11:57,5,2837626443,0830,Formación en Centros de Trabajo,Formació en Centres de Treball
2022,19/10/2023 16:11:57,5,2837626443,0826,Medios de pago internacionales,Mitjans de pagament internacionals
2022,19/10/2023 16:11:57,5,2837626443,0828,Proyecto de comercio internacional,Projecte de comerç internacional
2022,19/10/2023 16:11:57,5,2837626443,CV0010,Empresas simuladas. Herramientas informáticas de la Comunidad Portuaria,Empreses simulades. Eines informàtiques de la Comunitat Portuària
2022,19/10/2023 16:11:57,5,2837626450,TU01CF,Tutoría Primero,Tutoria Primer
2022,19/10/2023 16:11:57,5,2837626450,CV0003,Inglés Técnico I-S / Horario reservado para la docencia en inglés,Anglés Técnic I-S / Horari reservat per a la docència en anglés
2022,19/10/2023 16:11:57,5,2837626450,0179,Inglés,Anglés
2022,19/10/2023 16:11:57,5,2837626450,0622,Transporte internacional de mercancías,Transport internacional de mercaderies
2022,19/10/2023 16:11:57,5,2837626450,0829,Formación y orientación laboral.,Formació i orientació laboral
2022,19/10/2023 16:11:57,5,2837626450,0625,Logística de almacenamiento,Logística d'emmagatzematge
2022,19/10/2023 16:11:57,5,2837626450,0623,Gestión económica y financiera de la empresa,Gestió econòmica i financera de l'empresa
2022,19/10/2023 16:11:57,5,2837626450,0627,Gestión administrativa del comercio internacional,Gestió administrativa del comerç internacional
2022,19/10/2023 16:11:57,5,2837626450,CV0008,Ofimática y proceso de la información en el Comercio internacional,Ofimàtica i procés de la informació en el Comerç internacional
2022,19/10/2023 16:11:57,5,2837626450,CV0009,Gestión portuaria,Gestió portuària
2022,19/10/2023 16:11:57,5,2837626464,TU02CF,Tutoría Segundo,Tutoria Segon
2022,19/10/2023 16:11:57,5,2837626464,CV0004,Inglés Técnico II-S / Horario reservado para la docencia en inglés,Anglés Tècnic II-S / Horari reservat per a la docència en anglés
2022,19/10/2023 16:11:57,5,2837626464,0625,Logística de almacenamiento,Logística d'emmagatzematge
2022,19/10/2023 16:11:57,5,2837626464,0626,Logística de aprovisionamiento,Logística d'aprovisionament
2022,19/10/2023 16:11:57,5,2837626464,0926,Escaparatismo y diseño de espacios comerciales,Aparadorisme i disseny d'espais comercials
2022,19/10/2023 16:11:57,5,2837626464,0927,Gestión de productos y promociones en el punto de venta,Gestió de productes i promocions en el punt de venda
2022,19/10/2023 16:11:57,5,2837626464,0928,Organización de equipos de ventas,Organització d'equips de vendes
2022,19/10/2023 16:11:57,5,2837626464,0929,Técnicas de venta y negociación,Tècniques de venda i negociació
2022,19/10/2023 16:11:57,5,2837626464,0932,Proyecto de gestión de ventas y espacios comerciales,Projecte de gestió de vendes i espais comercials
2022,19/10/2023 16:11:57,5,2837626464,0934,Formación en centros de trabajo,Formació en centres de treball
2022,19/10/2023 16:11:57,5,2837626472,TU01CF,Tutoría Primero,Tutoria Primer
2022,19/10/2023 16:11:57,5,2837626472,CV0003,Inglés Técnico I-S / Horario reservado para la docencia en inglés,Anglés Técnic I-S / Horari reservat per a la docència en anglés
2022,19/10/2023 16:11:57,5,2837626472,0179,Inglés,Anglés
2022,19/10/2023 16:11:57,5,2837626472,0623,Gestión económica y financiera de la empresa,Gestió econòmica i financera de l'empresa
2022,19/10/2023 16:11:57,5,2837626472,0930,Políticas de marketing,Polítiques de màrqueting
2022,19/10/2023 16:11:57,5,2837626472,0931,Marketing digital,Màrqueting digital
2022,19/10/2023 16:11:57,5,2837626472,1010,Investigación comercial,Investigació comercial
2022,19/10/2023 16:11:57,5,2837626472,0933,Formación y orientación laboral,Formació i orientació laboral
2022,19/10/2023 16:11:57,5,2837626486,TU01CF,Tutoría Primero,Tutoria Primer
2022,19/10/2023 16:11:57,5,2837626486,CV0003,Inglés Técnico I-S / Horario reservado para la docencia en inglés,Anglés Técnic I-S / Horari reservat per a la docència en anglés
2022,19/10/2023 16:11:57,5,2837626486,0179,Inglés,Anglés
2022,19/10/2023 16:11:57,5,2837626486,0623,Gestión económica y financiera de la empresa,Gestió econòmica i financera de l'empresa
2022,19/10/2023 16:11:57,5,2837626486,0930,Políticas de marketing,Polítiques de màrqueting
2022,19/10/2023 16:11:57,5,2837626486,0931,Marketing digital,Màrqueting digital
2022,19/10/2023 16:11:57,5,2837626486,1010,Investigación comercial,Investigació comercial
2022,19/10/2023 16:11:57,5,2837626486,1014,Formación y orientación laboral,Formació i orientació laboral
2022,19/10/2023 16:11:57,5,2837626493,TU02CF,Tutoría Segundo,Tutoria Segon
2022,19/10/2023 16:11:57,5,2837626493,CV0004,Inglés Técnico II-S / Horario reservado para la docencia en inglés,Anglés Tècnic II-S / Horari reservat per a la docència en anglés
2022,19/10/2023 16:11:57,5,2837626493,1007,Diseño y elaboración de material de comunicación,Disseny i elaboració de material de comunicació
2022,19/10/2023 16:11:57,5,2837626493,1008,Medios y soportes de comunicación,Mitjans i suports de comunicació
2022,19/10/2023 16:11:57,5,2837626493,1009,Relaciones públicas y organización de eventos de marketing,Relacions públiques i organització d'esdeveniments de màrqueting
2022,19/10/2023 16:11:57,5,2837626493,1011,Trabajo de campo en la investigación comercial,Treball de camp en la investigació comercial
2022,19/10/2023 16:11:57,5,2837626493,1109,Lanzamiento de productos y servicios,Llançament de productes i servicis
2022,19/10/2023 16:11:57,5,2837626493,1110,"Atención al cliente, consumidor y usuario","Atenció al client, consumidor i usuari"
2022,19/10/2023 16:11:57,5,2837626493,1012,Proyecto de marketing y publicidad,Projecte de màrqueting i publicitat
2022,19/10/2023 16:11:57,5,2837626493,1013,Formación en centros de trabajo,Formació en centres de treball
2022,19/10/2023 16:11:57,5,2837628459,TU01CF,Tutoría Primero,Tutoria Primer
2022,19/10/2023 16:11:57,5,2837628459,243265,Diseño y Fabr. Monturas Ópticas,Disseny i Fabr. Muntures Òptiques
2022,19/10/2023 16:11:57,5,2837628459,243267,"Anat., Fisiopatol. y Ametropias Oculares","Anat., Fisiopatol. i Ametropies Oculars"
2022,19/10/2023 16:11:57,5,2837628459,243266,At. Cliente Establ. Prod. Ópticos,At. Client Establ. Prod. Òptics
2022,19/10/2023 16:11:57,5,2837628459,243264,Proc. Fabr. Lentes Oftalmológicas,Proc. Fabr. Lents Oftàlmiques
2022,19/10/2023 16:11:57,5,2837628466,TU02CF,Tutoría Segundo,Tutoria Segon
2022,19/10/2023 16:11:57,5,2837628466,243602,Formación y Orientación Laboral,Formació i Orientació Laboral
2022,19/10/2023 16:11:57,5,2837628466,243601,Formación en Centros de Trabajo,Formació en Centres de Treball
2022,19/10/2023 16:11:57,5,2837628466,243604,"Adm., Gest. y Comer. Peq. Empresa","Adm., Gest. i Comer. Xic. Empresa"
2022,19/10/2023 16:11:57,5,2837628466,243271,Montajes y Reparaciones Ópticas,Muntatges i Reparacions Òptiques
2022,19/10/2023 16:11:57,5,2837628466,243270,Proc. Fabr. Lentes de Contacto,Proc. Fabr. Lents de Contacte
2022,19/10/2023 16:11:57,5,2837625929,TU01CF,Tutoría Primero,Tutoria Primer
2022,19/10/2023 16:11:57,5,2837625929,CV0003,Inglés Técnico I-S / Horario reservado para la docencia en inglés,Anglés Técnic I-S / Horari reservat per a la docència en anglés
2022,19/10/2023 16:11:57,5,2837625929,0179,Inglés,Anglés
2022,19/10/2023 16:11:57,5,2837625929,0171,Estructura del mercado turístico,Estructura del mercat turístic
2022,19/10/2023 16:11:57,5,2837625929,0172,Protocolo y relaciones públicas,Protocol i relacions públiques
2022,19/10/2023 16:11:57,5,2837625929,0173,Marketing turístico,Màrqueting turístic
2022,19/10/2023 16:11:57,5,2837625929,0174,Dirección de alojamientos turístico,Direcció d'allotjaments turístics
2022,19/10/2023 16:11:57,5,2837625929,0182,Formación y orientación laboral,Formació i orientació laboral
2022,19/10/2023 16:11:57,5,2837625929,0177,Recursos humanos en el alojamiento,Recursos humans en l'allotjaments
2022,19/10/2023 16:11:57,5,2837625936,TU02CF,Tutoría Segundo,Tutoria Segon
2022,19/10/2023 16:11:57,5,2837625936,CV0004,Inglés Técnico II-S / Horario reservado para la docencia en inglés,Anglés Tècnic II-S / Horari reservat per a la docència en anglés
2022,19/10/2023 16:11:57,5,2837625936,0180,Segunda lengua extranjera,Segona Llengua estrangera
2022,19/10/2023 16:11:57,5,2837625936,0181,Proyecto de gestión de alojamientos turísticos,Projecte de gestió d'allotjaments turístics
2022,19/10/2023 16:11:57,5,2837625936,0184,Formación en Centros de Trabajo,Formació en Centres de Treball
2022,19/10/2023 16:11:57,5,2837625936,0183,Empresa e iniciativa emprendedora ,Empresa i iniciativa emprenedora
2022,19/10/2023 16:11:57,5,2837625936,0176,Recepción y reservas,Recepció i reserves
2022,19/10/2023 16:11:57,5,2837625936,0178,Comercialización de eventos,Comercialització d'esdeveniments
2022,19/10/2023 16:11:57,5,2837625936,0175,Gestión del departamento de pisos,Gestió del departament de pisos
2022,19/10/2023 16:11:57,5,2837625994,TU01CF,Tutoría Primero,Tutoria Primer
2022,19/10/2023 16:11:57,5,2837625994,CV0003,Inglés Técnico I-S / Horario reservado para la docencia en inglés,Anglés Técnic I-S / Horari reservat per a la docència en anglés
2022,19/10/2023 16:11:57,5,2837625994,0179,Inglés,Anglés
2022,19/10/2023 16:11:57,5,2837625994,0401,Formación y Orientación Laboral,Formació i Orientació Laboral
2022,19/10/2023 16:11:57,5,2837625994,0171,Estructura del mercado turístico,Estructura del mercat turístic
2022,19/10/2023 16:11:57,5,2837625994,0383,Destinos turísticos ,Destinacions turístiques
2022,19/10/2023 16:11:57,5,2837625994,0384,Recursos turísticos ,Recursos turístics
2022,19/10/2023 16:11:57,5,2837625994,0172,Protocolo y relaciones públicas,Protocol i relacions públiques
2022,19/10/2023 16:11:57,5,2837625994,0173,Marketing turístico,Màrqueting turístic
2022,19/10/2023 16:11:57,5,2837626001,TU02CF,Tutoría Segundo,Tutoria Segon
2022,19/10/2023 16:11:57,5,2837626001,CV0004,Inglés Técnico II-S / Horario reservado para la docencia en inglés,Anglés Tècnic II-S / Horari reservat per a la docència en anglés
2022,19/10/2023 16:11:57,5,2837626001,0398,Venta de servicios turísticos,Venda de servicis turístics
2022,19/10/2023 16:11:57,5,2837626001,0180,Segunda lengua extranjera,Segona Llengua estrangera
2022,19/10/2023 16:11:57,5,2837626001,0403,Formación en Centros de Trabajo,Formació en Centres de Treball
2022,19/10/2023 16:11:57,5,2837626001,0400,Proyecto de Agencias de viajes ,Projecte d'Agències de viatge 
2022,19/10/2023 16:11:57,5,2837626001,0402,Empresa e iniciativa emprendedora,Empresa i iniciativa emprenedora
2022,19/10/2023 16:11:57,5,2837626001,0399,Dirección de entidades de intermedi,Direcció d'entitats d'intermediació
2022,19/10/2023 16:11:57,5,2837626001,0397,Gestión de productos turísticos,Gestió de productes turístics
2022,19/10/2023 16:11:57,5,2837626017,TU01CF,Tutoría Primero,Tutoria Primer
2022,19/10/2023 16:11:57,5,2837626017,CV0003,Inglés Técnico I-S / Horario reservado para la docencia en inglés,Anglés Técnic I-S / Horari reservat per a la docència en anglés
2022,19/10/2023 16:11:57,5,2837626017,0179,Inglés,Anglés
2022,19/10/2023 16:11:57,5,2837626017,0171,Estructura del mercado turístico,Estructura del mercat turístic
2022,19/10/2023 16:11:57,5,2837626017,0383,Destinos turísticos ,Destinacions turístiques
2022,19/10/2023 16:11:57,5,2837626017,0384,Recursos turísticos ,Recursos turístics
2022,19/10/2023 16:11:57,5,2837626017,0172,Protocolo y relaciones públicas,Protocol i relacions públiques
2022,19/10/2023 16:11:57,5,2837626017,0173,Marketing turístico,Màrqueting turístic
2022,19/10/2023 16:11:57,5,2837626017,0389,Formación y orientación laboral ,Formació i orientació laboral
2022,19/10/2023 16:11:57,5,2837626024,TU02CF,Tutoría Segundo,Tutoria Segon
2022,19/10/2023 16:11:57,5,2837626024,CV0004,Inglés Técnico II-S / Horario reservado para la docencia en inglés,Anglés Tècnic II-S / Horari reservat per a la docència en anglés
2022,19/10/2023 16:11:57,5,2837626024,0180,Segunda lengua extranjera,Segona Llengua estrangera
2022,19/10/2023 16:11:57,5,2837626024,0385,Servicios de información turística,Servicis d'informació turística
2022,19/10/2023 16:11:57,5,2837626024,0388,"Proyecto de guía, información","Projecte de guia, informació "
2022,19/10/2023 16:11:57,5,2837626024,0390,Empresa e iniciativa emprendedora,Empresa i iniciativa emprenedora
2022,19/10/2023 16:11:57,5,2837626024,0391,Formación en Centros de Trabajo,Formació en Centres de Treball
2022,19/10/2023 16:11:57,5,2837626024,0387,Diseño de productos turísticos,Disseny de productes turístics
2022,19/10/2023 16:11:57,5,2837626024,0386,Procesos de guía y asistencia ,Processos de guia i assistència 
2022,19/10/2023 16:11:57,5,2837629448,TU01CF,Tutoría Primero,Tutoria Primer
2022,19/10/2023 16:11:57,5,2837629448,CV0001,Inglés Técnico I-M / Horario reservado para la docencia en inglés,Anglés Tècnic I-M / Horari reservat per a la docència en anglés
2022,19/10/2023 16:11:57,5,2837629448,0437,Comunicación empresarial y atención al cliente,Comunicació empresarial i atenció al client
2022,19/10/2023 16:11:57,5,2837629448,0449,Formación y orientación laboral,Formació i orientació laboral
2022,19/10/2023 16:11:57,5,2837629448,0441,Técnica contable,Tècnica comptable
2022,19/10/2023 16:11:57,5,2837629448,0439,Empresa y administración,Empresa i administració
2022,19/10/2023 16:11:57,5,2837629448,0438,Operaciones administrativa de compra-venta,Operacions administrativa de compra-venda
2022,19/10/2023 16:11:57,5,2837629448,0440,Tratamiento informático de la información ,Tractament informàtic de la informació 
2022,19/10/2023 16:11:57,5,2837629448,0156,Inglés,Anglés
2022,19/10/2023 16:11:57,5,2837629455,TU02CF,Tutoría Segundo,Tutoria Segon
2022,19/10/2023 16:11:57,5,2837629455,CV0002,Inglés Técnico II-M / Horario reservado para la docencia en inglés,Anglés Tècnic II-M / Horari reservat per a la docència en anglés
2022,19/10/2023 16:11:57,5,2837629455,0446,Empresa en el aula,Empresa en l'aula
2022,19/10/2023 16:11:57,5,2837629455,0443,Tratamiento de la documentación contable,Tractament de la documentació comptable
2022,19/10/2023 16:11:57,5,2837629455,0442,Operaciones administrativas de recursos humanos,Operacions administratives de recursos humans
2022,19/10/2023 16:11:57,5,2837629455,0451,Formación en centros de trabajo,Formació en centres de treball
2022,19/10/2023 16:11:57,5,2837629455,0448,Operaciones auxiliares de gestión de tesorería,Operacions auxiliars de gestió de tresoreria
2022,19/10/2023 16:11:57,5,2837629533,TU02CF,Tutoría Segundo,Tutoria Segon
2022,19/10/2023 16:11:57,5,2837629533,CV0004,Inglés Técnico II-S / Horario reservado para la docencia en inglés,Anglés Tècnic II-S / Horari reservat per a la docència en anglés
2022,19/10/2023 16:11:57,5,2837629533,0655,Gestión logística y comercial,Gestió logística i comercial
2022,19/10/2023 16:11:57,5,2837629533,0657,Proyecto de Administración y Finanzas,Projecte d'Administració i finances
2022,19/10/2023 16:11:57,5,2837629533,0652,Gestión de recursos humanos,Gestió de recursos humans
2022,19/10/2023 16:11:57,5,2837629533,0653,Gestión financiera,Gestió financera 
2022,19/10/2023 16:11:57,5,2837629533,0656,Simulación empresarial,Simulació empresarial
2022,19/10/2023 16:11:57,5,2837629533,0660,Formación en Centros de Trabajo,Formació en Centres de Treball
2022,19/10/2023 16:11:57,5,2837629533,0654,Contabilidad y fiscalidad,Comptabilitat i fiscalitat
2022,19/10/2023 16:11:57,5,2837629540,TU01CF,Tutoría Primero,Tutoria Primer
2022,19/10/2023 16:11:57,5,2837629540,CV0003,Inglés Técnico I-S / Horario reservado para la docencia en inglés,Anglés Técnic I-S / Horari reservat per a la docència en anglés
2022,19/10/2023 16:11:57,5,2837629540,0179,Inglés,Anglés
2022,19/10/2023 16:11:57,5,2837629540,0651,Comunicación y atención al cliente,Comunicació i atenció al client
2022,19/10/2023 16:11:57,5,2837629540,0658,Formación y orientación laboral,Formació i orientació laboral
2022,19/10/2023 16:11:57,5,2837629540,0650,Proceso integral de la actividad comercial,Procés integral de l'activitat comercial
2022,19/10/2023 16:11:57,5,2837629540,0648,Recursos humanos y responsabilidad social corporativa,Recursos humans i responsabilitat social corporativa 
2022,19/10/2023 16:11:57,5,2837629540,0649,Ofimática y proceso de la información,Ofimàtica i procés de la informació
2022,19/10/2023 16:11:57,5,2837629540,0647,Gestión de la documentación jurídica y empresarial,Gestió de la documentació jurídica i empresarial
2022,19/10/2023 16:11:57,5,2837632591,TU01CF,Tutoría Primero,Tutoria Primer
2022,19/10/2023 16:11:57,5,2837632591,CV0003,Inglés Técnico I-S / Horario reservado para la docencia en inglés,Anglés Técnic I-S / Horari reservat per a la docència en anglés
2022,19/10/2023 16:11:57,5,2837632591,1370,Fisiopatología general,Fisiopatologia general
2022,19/10/2023 16:11:57,5,2837632591,1367,Gestión de muestras biológicas,Gestió de mostres biològiques
2022,19/10/2023 16:11:57,5,2837632591,1368,Técnicas generales de laboratorio,Tècniques generals de laboratori
2022,19/10/2023 16:11:57,5,2837632591,1369,Biología molecular y citogenética,Biologia molecular i citogenètica
2022,19/10/2023 16:11:57,5,2837632591,1376,Formación y orientación laboral,Formació i orientació laboral
2022,19/10/2023 16:11:57,5,2837632598,TU02CF,Tutoría Segundo,Tutoria Segon
2022,19/10/2023 16:11:57,5,2837632598,CV0004,Inglés Técnico II-S / Horario reservado para la docencia en inglés,Anglés Tècnic II-S / Horari reservat per a la docència en anglés
2022,19/10/2023 16:11:57,5,2837632598,1375,Proyecto de laboratorio clínico y biomédico,Projecte de laboratori clínic i biomèdic
2022,19/10/2023 16:11:57,5,2837632598,1378,Formación en centros de trabajo,Formació en centres de treball
2022,19/10/2023 16:11:57,5,2837632598,1371,Análisis bioquímico,Anàlisi bioquímica
2022,19/10/2023 16:11:57,5,2837632598,1372,Técnicas de inmunodiagnóstico,Tècniques d¿immunodiagnòstic
2022,19/10/2023 16:11:57,5,2837632598,1373,Microbiología clínica,Microbiologia clínica
2022,19/10/2023 16:11:57,5,2837632598,1374,Técnicas de análisis hematológico,Tècniques d¿anàlisi hematològica
2022,19/10/2023 16:11:57,5,2837632598,1377,Empresa e iniciativa emprendedora,Empresa i iniciativa emprenedora
2022,19/10/2023 16:11:57,5,2837632970,5021,Incidentes de ciberseguridad,Incidents de ciberseguretat
2022,19/10/2023 16:11:57,5,2837632970,5022,Bastionado de redes y sistemas,Bastionado de xarxes i sistemes
2022,19/10/2023 16:11:57,5,2837632970,5023,Puesta en producción segura,Posada en producció segura
2022,19/10/2023 16:11:57,5,2837632970,5024,Análisis forense informático,Anàlisi forense informàtic
2022,19/10/2023 16:11:57,5,2837632970,5025,Hacking ético,Hacking ètic
2022,19/10/2023 16:11:57,5,2837632970,5026,Normativa de ciberseguridad,Normativa de ciberseguretat
2022,19/10/2023 16:11:57,5,2837632982,5071,Modelos de Inteligencia Artificial,Models d'Intel·ligència Artificial
2022,19/10/2023 16:11:57,5,2837632982,5072,Sistemas de aprendizaje automático,Sistemes d'aprenentatge automàtic
2022,19/10/2023 16:11:57,5,2837632982,5073,Programación de Inteligencia Artificial,Programació d'Intel·ligència Artificial
2022,19/10/2023 16:11:57,5,2837632982,5074,Sistemas de Big Data,Sistemes de Big Data
2022,19/10/2023 16:11:57,5,2837632982,5075,Big Data aplicado,Big Data aplicat
2022,19/10/2023 16:11:57,5,2837633032,TU01CF,Tutoría Primero,Tutoria Primer
2022,19/10/2023 16:11:57,5,2837633032,CV0001,Inglés Técnico I-M / Horario reservado para la docencia en inglés,Anglés Tècnic I-M / Horari reservat per a la docència en anglés
2022,19/10/2023 16:11:57,5,2837633032,0225,Redes locales,Xarxes locals
2022,19/10/2023 16:11:57,5,2837633032,0223,Aplicaciones ofimáticas,Aplicacions ofimàtiques
2022,19/10/2023 16:11:57,5,2837633032,0221,Montaje y mantenimiento de equipos,Muntatge i manteniment d'equips
2022,19/10/2023 16:11:57,5,2837633032,0229,Formación y orientación laboral,Formació i orientació laboral
2022,19/10/2023 16:11:57,5,2837633032,0222,Sistemas operativos monopuesto,Sistemes operatius monolloc
2022,19/10/2023 16:11:57,5,2837633039,TU02CF,Tutoría Segundo,Tutoria Segon
2022,19/10/2023 16:11:57,5,2837633039,CV0002,Inglés Técnico II-M / Horario reservado para la docencia en inglés,Anglés Tècnic II-M / Horari reservat per a la docència en anglés
2022,19/10/2023 16:11:57,5,2837633039,0230,Empresa e iniciativa emprendedora,Empresa i iniciativa emprenedora
2022,19/10/2023 16:11:57,5,2837633039,0228,Aplicaciones web,Aplicacions web
2022,19/10/2023 16:11:57,5,2837633039,0226,Seguridad informática,Seguretat informàtica
2022,19/10/2023 16:11:57,5,2837633039,0224,Sistemas operativos en red,Sistemes operatius en xarxa
2022,19/10/2023 16:11:57,5,2837633039,0231,Formación en Centros de Trabajo,Formació en Centres de Treball
2022,19/10/2023 16:11:57,5,2837633039,0227,Servicios en red,Servicis en xarxa
2022,19/10/2023 16:11:57,5,2837633062,TU02CF,Tutoría Segundo,Tutoria Segon
2022,19/10/2023 16:11:57,5,2837633062,CV0004,Inglés Técnico II-S / Horario reservado para la docencia en inglés,Anglés Tècnic II-S / Horari reservat per a la docència en anglés
2022,19/10/2023 16:11:57,5,2837633062,0619,Formación en centros de trabajo,Formació en centres de treball
2022,19/10/2023 16:11:57,5,2837633062,0616,Proyecto de desarrollo de aplicaciones WEB,Projecte de desenrotllament d'aplicacions WEB
2022,19/10/2023 16:11:57,5,2837633062,0618,Empresa e iniciativa emprendedora,Empresa i iniciativa emprenedora
2022,19/10/2023 16:11:57,5,2837633062,0615,Diseño de interfaces WEB,Disseny d'interfícies WEB
2022,19/10/2023 16:11:57,5,2837633062,0614,Despliegue de aplicaciones WEB,Desplegament d'aplicacions WEB
2022,19/10/2023 16:11:57,5,2837633062,0613,Desarrollo WEB en entorno servidor,Desenrotllament WEB en entorn servidor
2022,19/10/2023 16:11:57,5,2837633062,0612,Desarrollo WEB en entorno cliente,Desenrotllament WEB en entorn client
2022,19/10/2023 16:11:57,5,2837633069,TU01CF,Tutoría Primero,Tutoria Primer
2022,19/10/2023 16:11:57,5,2837633069,CV0003,Inglés Técnico I-S / Horario reservado para la docencia en inglés,Anglés Técnic I-S / Horari reservat per a la docència en anglés
2022,19/10/2023 16:11:57,5,2837633069,0373,Lenguajes de marcas y sistemas de gestión de información,Llenguatges de marques i sistemes de gestió d'informació
2022,19/10/2023 16:11:57,5,2837633069,0487,Entornos de desarrollo,Entorns de desenrotllament
2022,19/10/2023 16:11:57,5,2837633069,0485,Programación,Programació
2022,19/10/2023 16:11:57,5,2837633069,0484,Bases de Datos,Bases de Dades
2022,19/10/2023 16:11:57,5,2837633069,0483,Sistemas informáticos,Sistemes informàtics
2022,19/10/2023 16:11:57,5,2837633069,0617,Formación y orientación laboral,Formació i orientació laboral
2022,19/10/2023 16:11:57,5,2837633090,TU01CF,Tutoría Primero,Tutoria Primer
2022,19/10/2023 16:11:57,5,2837633090,CV0003,Inglés Técnico I-S / Horario reservado para la docencia en inglés,Anglés Técnic I-S / Horari reservat per a la docència en anglés
2022,19/10/2023 16:11:57,5,2837633090,0373,Lenguajes de marcas y sistemas de gestión de información,Llenguatges de marques i sistemes de gestió d'informació
2022,19/10/2023 16:11:57,5,2837633090,0487,Entornos de desarrollo,Entorns de desenrotllament
2022,19/10/2023 16:11:57,5,2837633090,0485,Programación,Programació
2022,19/10/2023 16:11:57,5,2837633090,0484,Bases de Datos,Bases de Dades
2022,19/10/2023 16:11:57,5,2837633090,0483,Sistemas informáticos,Sistemes informàtics
2022,19/10/2023 16:11:57,5,2837633090,0493,Formación y orientación laboral,Formació i orientació laboral
2022,19/10/2023 16:11:57,5,2837633097,TU02CF,Tutoría Segundo,Tutoria Segon
2022,19/10/2023 16:11:57,5,2837633097,CV0004,Inglés Técnico II-S / Horario reservado para la docencia en inglés,Anglés Tècnic II-S / Horari reservat per a la docència en anglés
2022,19/10/2023 16:11:57,5,2837633097,0495,Formación en centros de trabajo,Formació en centres de treball
2022,19/10/2023 16:11:57,5,2837633097,0492,Proyecto de desarrollo de aplicaciones multiplataforma,Projecte de desenrotllament d'aplicacions multiplataforma
2022,19/10/2023 16:11:57,5,2837633097,0494,Empresa e iniciativa emprendedora,Empresa i iniciativa emprenedora
2022,19/10/2023 16:11:57,5,2837633097,0491,Sistemas de gestión empresarial,Sistemes de gestió empresarial
2022,19/10/2023 16:11:57,5,2837633097,0490,Programación de servicios y procesos,Programació de servicis i processos
2022,19/10/2023 16:11:57,5,2837633097,0489,Programación multimedia y dispositivos móviles,Programació multimèdia i dispositius mòbils
2022,19/10/2023 16:11:57,5,2837633097,0488,Desarrollo de interfaces,Desenrotllament d'interfícies
2022,19/10/2023 16:11:57,5,2837633097,0486,Acceso a datos,Accés a dades
2022,19/10/2023 16:11:57,5,2837633167,TU01CF,Tutoría Primero,Tutoria Primer
2022,19/10/2023 16:11:57,5,2837633167,CV0003,Inglés Técnico I-S / Horario reservado para la docencia en inglés,Anglés Técnic I-S / Horari reservat per a la docència en anglés
2022,19/10/2023 16:11:57,5,2837633167,0370,Planificación y Administración de Redes,Planificació i Administració de Xarxes
2022,19/10/2023 16:11:57,5,2837633167,0373,Lenguajes de marcas y sistemas de gestión de información,Llenguatges de marques i sistemes de gestió d'informació
2022,19/10/2023 16:11:57,5,2837633167,0371,Fundamentos de Hardware,Fonaments de Maquinari
2022,19/10/2023 16:11:57,5,2837633167,0372,Gestión de Bases de Datos,Gestió de Bases de Dades
2022,19/10/2023 16:11:57,5,2837633167,0380,Formación y orientación laboral,Formació i orientació laboral
2022,19/10/2023 16:11:57,5,2837633167,0369,Implantación de Sistemas Operativos,Implantació de Sistemes Operatius
2022,19/10/2023 16:11:57,5,2837633174,TU02CF,Tutoría Segundo,Tutoria Segon
2022,19/10/2023 16:11:57,5,2837633174,CV0004,Inglés Técnico II-S / Horario reservado para la docencia en inglés,Anglés Tècnic II-S / Horari reservat per a la docència en anglés
2022,19/10/2023 16:11:57,5,2837633174,0381,Empresa e Iniciativa emprendedora,Empresa i Iniciativa emprenedora
2022,19/10/2023 16:11:57,5,2837633174,0379,Proyecto de Administración de Sistemas Informáticos en Red,Projecte d'administració de sistemes informàtics en xarxa
2022,19/10/2023 16:11:57,5,2837633174,0378,Seguridad y Alta Disponibilidad,Seguretat i Alta Disponibilitat
2022,19/10/2023 16:11:57,5,2837633174,0375,Servicios de Red e Internet,Servicis de Xarxa i Internet
2022,19/10/2023 16:11:57,5,2837633174,0382,Formación en Centros de Trabajo,Formació en Centres de Treball
2022,19/10/2023 16:11:57,5,2837633174,0377,Administración de Sistemas Gestores de Bases de Datos,Administració de Sistemes Gestors de Bases de Dades
2022,19/10/2023 16:11:57,5,2837633174,0376,Implantación de Aplicaciones Web,Implantació d'Aplicacions Web
2022,19/10/2023 16:11:57,5,2837633174,0374,Administración de Sistemas Operativos,Administració de Sistemes Operatius
2022,19/10/2023 16:11:57,5,2837632176,TU01CF,Tutoría Primero,Tutoria Primer
2022,19/10/2023 16:11:57,5,2837632176,028502,Técnicas básicas de enfermería,Tècniques bàsiques d'infermeria
2022,19/10/2023 16:11:57,5,2837632176,028504,Promoción de la salud y apoyo psicológico al paciente,Promoció de la salut i suport psicològic al pacient
2022,19/10/2023 16:11:57,5,2837632176,028505,Técnicas de ayuda odontológica/estomatológica,Tècniques d'ajuda odontològica/estomatològica
2022,19/10/2023 16:11:57,5,2837632176,028001,Formación y orientación laboral,Formació i orientació laboral
2022,19/10/2023 16:11:57,5,2837632176,028503,Higiene del medio hospitalario y limpieza de material,Higiene del medi hospitalari i neteja de material
2022,19/10/2023 16:11:57,5,2837632176,028501,Operaciones administrativas y documentación sanitaria,Operacions administratives i documentació sanitària
2022,19/10/2023 16:11:57,5,2837632176,028100,Relaciones en el equipo de trabajo,Relacions en l'equip de treball
2022,19/10/2023 16:11:57,5,2837632183,TU02CF,Tutoría Segundo,Tutoria Segon
2022,19/10/2023 16:11:57,5,2837632183,028601,Formación en Centros de Trabajo,Formació en Centres de Treball
